Date,Open,High,Low,Close,O-C Returns,H-L Returns,C-C Returns
2026-08-01 00:00:00-04:00,309.5799865722656,322.3699951171875,300.57000732421875,316.8500061035156,2.3483493270172846,7.252881944888648,-0.9750898850781509
2026-07-01 00:00:00-04:00,293.18715795229895,344.2731063334242,288.95082113312196,308.6438293457031,5.271946937020671,19.145917282171286,-2.5899247592665375
2026-06-01 00:00:00-04:00,309.3632104963879,317.1265044565484,273.5141218159352,289.11065673828125,-6.546529474403401,15.945203249857315,-6.328709907737484
2026-05-01 00:00:00-04:00,278.61970217443553,314.7285763294451,274.6231488242203,311.7911071777344,11.905620724025901,14.603804405030438,7.844902950078625
2026-04-01 00:00:00-04:00,253.62739774328483,275.50834883767226,245.26232053851925,270.86663818359375,6.797073420970882,12.332113727352088,-13.125604948960879
2026-03-01 00:00:00-05:00,261.94254527485236,266.05520101379165,245.07264187360545,253.337890625,-3.28493969577322,8.561771309833844,-6.471357150566748
2026-02-01 00:00:00-05:00,259.5667800271034,280.4095891638366,254.9949370344258,263.7093811035156,1.5959673560613852,9.966728133892193,4.093935752337918
2026-01-01 00:00:00-05:00,271.52097338558843,277.0858133592751,242.75924657920524,258.7756652832031,-4.694041842685069,14.14016860893087,-1.870891281784104
2025-12-01 00:00:00-05:00,277.25533917541276,287.8365232477906,266.22536447424176,271.12200927734375,-2.212159346077948,8.117618250322568,4.771060671655047
2025-11-01 00:00:00-04:00,269.68593922957604,279.61889358540856,264.5997774523127,278.0930480957031,3.117370112117842,5.676163554522512,2.571181453302218
2025-10-01 00:00:00-04:00,254.1013281154433,276.29934139392066,243.10196711230586,269.3749084472656,6.010822708051034,13.655740706647018,-3.1349721642222494
2025-09-01 00:00:00-04:00,228.4062741349298,256.6519415975537,225.11841633041115,253.69287109375,11.070885445065441,14.00752802954161,-5.821639975270987
2025-08-01 00:00:00-04:00,210.09390731278805,234.25465739723592,200.75839760891736,231.28562927246094,10.08678558589642,16.68486110034119,-8.83242864676661
2025-07-01 00:00:00-04:00,205.6759597107853,215.18997572722316,205.1485101121826,206.57164001464844,0.43548128090546934,4.89472997369053,-10.685484150292247
2025-06-01 00:00:00-04:00,199.3166871526786,206.39248990855162,194.13175484166803,204.18316650390625,2.4415814956325588,6.315677245530147,-1.1562446377309188
2025-05-01 00:00:00-04:00,208.07435208502386,213.5279896900099,192.32049066520722,199.88394165039062,-3.936290250365144,11.027165618935959,-2.1055726224293747
2025-04-01 00:00:00-04:00,218.4662530056475,223.81336879180196,168.17559050281588,211.20094299316406,-3.3255983075315645,33.08314727639057,5.661786159174098
2025-03-01 00:00:00-05:00,240.31189901545528,242.5382110581968,207.1458991005708,220.7720947265625,-8.13101821796852,17.085692794933284,4.531775094256196
2025-02-01 00:00:00-05:00,228.58402316745097,248.4716919299403,224.32024044124842,240.361572265625,5.152393826556417,10.766505706834502,8.87316740067401
2025-01-01 00:00:00-05:00,247.13651812641675,247.30530665251345,217.7994301550848,234.2996826171875,-5.194228520555134,13.547269832808517,-2.5219878499290527
2024-12-01 00:00:00-05:00,235.5605322657352,258.2260495503199,235.45132418271845,248.61578369140625,5.542206625235278,9.672795617801432,6.110166652512805
2024-11-01 00:00:00-04:00,219.37798500337504,236.09665470361549,218.12706834275147,235.6201171875,7.403720197300142,8.23812766448028,-5.22720895308767
2024-10-01 00:00:00-04:00,227.61595676949287,235.5198406120135,219.49389678803598,224.03590393066406,-1.5728479187662279,7.301316373025933,-4.91647886229406
2024-09-01 00:00:00-04:00,226.65399699155722,231.15632738261743,212.1453597637357,231.06707763671875,1.9470561753763886,8.961293162411875,3.1384137911353527
2024-08-01 00:00:00-04:00,222.50867013975684,230.98774421445142,194.37402636931972,227.1002655029297,2.0635579549726666,18.83673375966598,-1.716736185163359
2024-07-01 00:00:00-04:00,210.08735642402863,234.9899737254999,209.91896344686177,219.9830322265625,4.7102671816960715,11.943185059116653,-3.133960790669077
2024-06-01 00:00:00-04:00,191.07855862959116,218.12078464704047,190.33564041545634,208.63124084472656,9.186107714556064,14.597972387586436,-5.160303168357383
2024-05-01 00:00:00-04:00,167.9787810566691,191.17764119519057,167.5132177160842,190.43472290039062,13.36832051194955,14.12689923920802,-8.721856741425727
2024-04-01 00:00:00-04:00,169.34385975951093,176.4365354244547,162.31053462908153,168.49313354492188,-0.50236614176457,8.70307083126456,-11.521842771785684
2024-03-01 00:00:00-05:00,177.61370083893485,178.58312810162545,166.67297644872053,169.63072204589844,-4.49457376054317,7.145820460324745,0.6751542196663296
2024-02-01 00:00:00-05:00,182.00584633122835,188.989708456261,177.31695733921163,178.80078125,-1.7609682028540605,6.58298636081327,5.405895284475859
2024-01-01 00:00:00-05:00,184.8958322096182,194.01467067223123,177.99990829322869,182.178955078125,-1.4694096124422327,8.997062151639192,1.8893507089332129
2023-12-01 00:00:00-05:00,188.0375153650151,197.21561255661123,185.19219955987015,190.2110137939453,1.155885528858986,6.492397101668463,4.408883952801168
2023-11-01 00:00:00-04:00,168.94035914024775,190.60621199749622,168.0709536376307,187.662109375,11.081869560375551,13.408181409175937,-1.340040394141706
2023-10-01 00:00:00-04:00,168.9351265302943,179.90672896426963,163.45918644673088,168.4911346435547,-0.2628179798119081,10.062170793257177,-10.215687543582108
2023-09-01 00:00:00-04:00,186.96133722306627,187.44478873390756,165.3831733809505,168.92527770996094,-9.646946144585094,13.339697686257004,0.257665228099202
2023-08-01 00:00:00-04:00,193.62127744751942,194.10472899899116,169.6652835192812,185.3629608154297,-4.265190655158304,14.404505726083094,9.730742093964007
2023-07-01 00:00:00-04:00,190.93623180020518,195.32092399843094,183.86160720270925,193.56704711914062,1.377850235197016,6.232577300973814,4.425957735903863
2023-06-01 00:00:00-04:00,175.09223361509598,191.6259844129726,174.33352922413516,191.12347412109375,9.155883259356399,9.91917921113446,-1.2623910083945478
2023-05-01 00:00:00-04:00,166.79580833859828,176.7180379211288,161.89874207543156,174.6488494873047,4.708176558468787,9.15343482952614,-8.619885500485891
2023-04-01 00:00:00-04:00,161.63573640912975,167.12625617335198,157.21773357542386,166.95896911621094,3.2933513499806186,6.302420453844403,-4.4030524069686106
2023-03-01 00:00:00-05:00,144.4753846168704,162.35400234628182,141.5923633133319,162.25559997558594,12.306743744525281,14.662965252586515,-2.8170808465828756
2023-02-01 00:00:00-05:00,141.66125917392492,154.85621637469058,139.05376129939404,145.0460968017578,2.389388353295062,11.36427733247184,-10.606415542155457
2023-01-01 00:00:00-05:00,127.99537745060138,144.64813518398236,121.9925232774892,141.7596893310547,10.753757014205856,18.571311829463337,-2.2657676029675167
2022-12-01 00:00:00-05:00,145.61095519069693,148.27342348876786,123.66271168969998,127.65150451660156,-12.333859530400767,19.901481588744545,-9.95218378442263
2022-11-01 00:00:00-04:00,152.36046922937206,152.72397599363347,132.0234740601523,145.43409729003906,-4.546042667344141,15.679410105546573,13.930578288738316
2022-10-01 00:00:00-04:00,135.5614545810363,154.48178901196005,131.79503006496168,150.40150451660156,10.94710143191489,17.213668023609145,3.415572633325459
2022-09-01 00:00:00-04:00,153.63823320199245,161.1122027587739,135.35544091221504,135.55160522460938,-11.772218151977889,19.028981526692693,-9.873504483695527
2022-08-01 00:00:00-04:00,157.92454922957907,172.77441979984866,154.1287150872671,154.20718383789062,-2.3538869731294367,12.097489232959889,13.762713161802044
2022-07-01 00:00:00-04:00,133.24794465889687,160.27170619819887,132.87575384081637,159.1746826171875,19.457514353906788,20.617721115774465,3.2213147634671424
2022-06-01 00:00:00-04:00,146.82349197634568,148.62573973419447,126.39161567916894,133.91400146484375,-8.79252382417232,17.59145488848278,-15.869785783141953
2022-05-01 00:00:00-04:00,153.49370425725715,163.0631748718513,129.88832456886627,145.78521728515625,-5.022021593264432,25.541056452226275,8.864805539717246
2022-04-01 00:00:00-04:00,170.2081522825243,174.57021346312405,151.96772808286275,154.1878662109375,-9.412173187213225,14.873213981284858,5.763718079416558
2022-03-01 00:00:00-05:00,161.08304932535424,175.66561702327311,146.80368630794095,170.77542114257812,6.017002942157689,19.660222056543113,10.758015750051264
2022-02-01 00:00:00-05:00,170.1885876648715,172.77061043220596,148.66195127685168,161.4938201904297,-5.108901597775288,16.217101247687083,-5.434974711260909
2022-01-01 00:00:00-05:00,173.70337799340882,178.69479877970406,151.11011510312557,170.72415161132812,-1.715122881602074,18.254690400939236,5.71559420045562
2021-12-01 00:00:00-05:00,163.59354867964805,177.90359792158523,154.13818449633223,173.4494171142578,6.0246070301401105,15.418251812754747,1.5962975813369695
2021-11-01 00:00:00-04:00,145.53266640430175,161.8548995903539,144.05769667891286,161.4641876220703,10.94704138348533,12.354218706626176,-6.909927800041194
2021-10-01 00:00:00-04:00,138.40515498068171,149.39759159136113,134.86456796094063,146.110595703125,5.56730760752285,10.776013188749134,-9.508976662294033
2021-09-01 00:00:00-04:00,149.06597131755294,153.3868582719022,137.79068345617333,138.0150146484375,-7.413467051828854,11.31874407219231,-5.540721407458027
2021-08-01 00:00:00-04:00,142.75532519306384,149.70972640534455,140.9411342195551,148.09060668945312,3.7373607528642405,6.2214570886948675,7.3003593606687955
2021-07-01 00:00:00-04:00,133.03634663435798,146.08675771237841,132.21824949702645,142.0547637939453,6.778912220412877,10.489102879602004,-4.075777006008908
2021-06-01 00:00:00-04:00,121.81690021396811,133.82523552499876,119.91776758226571,133.38697814941406,9.497925095059404,11.597504042253188,-6.101721204580035
2021-05-01 00:00:00-04:00,128.59532768092805,130.5723826165402,119.06073620381265,121.35916900634766,-5.627077441363049,9.668717647622712,-9.017228900405405
2021-04-01 00:00:00-04:00,120.22977089244155,133.2677914343755,119.09222014918267,127.81340789794922,6.307619942395172,11.9030204218509,5.318295226019543
2021-03-01 00:00:00-05:00,120.3172580462317,125.14939476834422,112.98641169615229,118.76164245605469,-1.2929280598958381,10.764996329736649,-7.082015565316735
2021-02-01 00:00:00-05:00,130.03982349145022,134.05526353615875,115.10590372921706,117.89629364013672,-9.338316159827691,16.462543790559558,-0.7286433548931215
2021-01-01 00:00:00-05:00,129.62253904228115,140.85480162639317,122.69094970006189,128.1080780029297,-1.1683624241131882,14.804557280496876,8.661667001986606
2020-12-01 00:00:00-05:00,117.47772605573596,134.73872012819425,116.50691600712955,128.81678771972656,9.652094949991556,15.648688288984507,0.5532123561955871
2020-11-01 00:00:00-04:00,105.92506096119942,118.42908888363115,104.1873104796927,115.57491302490234,9.110074590599183,13.669398258163445,-10.27961877425112
2020-10-01 00:00:00-04:00,114.00938041551198,121.52019903846725,104.39553435267372,105.50035095214844,-7.463446807931094,16.40363717852357,-8.716910797573508
2020-09-01 00:00:00-04:00,128.66273915034225,133.72164004830225,99.9181135804694,112.23585510253906,-12.767398048792037,33.83122965047681,6.384342885689187
2020-08-01 00:00:00-04:00,104.86072456648479,126.95707306517328,104.56271937518741,125.05755615234375,19.260625624471604,21.41714927060324,11.423890376289059
2020-07-01 00:00:00-04:00,88.30368345471565,102.94518713128302,86.23829612634074,102.79524230957031,16.411046841875283,19.37293726265923,-17.80165431639631
2020-06-01 00:00:00-04:00,76.84732428675616,90.05950273212694,76.71672409236047,88.22628784179688,14.807234553255302,17.39226850158891,-14.172790627701115
2020-05-01 00:00:00-04:00,69.22911746618293,78.41693754120367,69.13237956419,76.89329528808594,11.070743210971614,13.430114854346757,-12.845369368858305
2020-04-01 00:00:00-04:00,59.45469118453289,71.0393108397726,57.13921289546939,70.86323547363281,19.188636021488325,24.32672282296236,-7.842113921455828
2020-03-01 00:00:00-05:00,68.08466636651804,73.32343299180823,51.280576095859935,61.33360290527344,-9.915688541237481,42.98480745368985,-13.447921908540595
2020-02-01 00:00:00-05:00,73.39577773740818,78.92398108529959,61.835280759075644,65.93318939208984,-10.167598975540011,27.63584173379178,7.499292832870474
2020-01-01 00:00:00-05:00,71.2825643626746,78.88870487366535,70.44278762182972,74.47565460205078,4.4794828411759,11.989754433310209,12.956244478271506
2019-12-01 00:00:00-05:00,64.3116891194184,70.73636437338203,61.66963756305225,70.65936279296875,9.870170975860306,14.702091934721985,-5.124213851457638
2019-11-01 00:00:00-04:00,60.04540985963727,64.48733780292622,59.95397508633127,64.30686950683594,7.097061469245192,7.561404744334458,-8.990306500138633
2019-10-01 00:00:00-04:00,53.99523179550597,59.916064789128946,51.61058382640328,59.678558349609375,10.52560821597663,16.09259254005318,-7.197226661351575
2019-09-01 00:00:00-04:00,49.523417211069,54.3191029990561,48.993231032965376,53.73133850097656,8.496831452428621,10.87062815372838,-9.965421439627885
2019-08-01 00:00:00-04:00,51.315497417867206,52.30630275188843,46.200742724082765,50.07759475708008,-2.4123368632808204,13.215285443069424,-6.800023684185863
2019-07-01 00:00:00-04:00,48.55682817689866,52.90655565930485,47.419208265127935,50.91571807861328,4.857998329546742,11.571992858877628,1.6736493148259868
2019-06-01 00:00:00-04:00,41.967714201524565,48.174442852782235,40.693864624278866,47.30210494995117,12.710701189994342,18.382570192265025,-7.097244750791365
2019-05-01 00:00:00-04:00,50.160498321780324,51.458245282730154,41.821925255667836,41.84104537963867,-16.585666451661307,23.04131138906948,-11.545066707053886
2019-04-01 00:00:00-04:00,45.625501242441665,49.63475440610372,44.849364298715344,47.77535629272461,4.711959302888952,10.669917360513056,14.18298911808209
2019-03-01 00:00:00-05:00,41.49245430272936,47.06589080709195,40.35443569872282,45.2231559753418,8.991277414908271,16.631269876935836,-5.342085366658944
2019-02-01 00:00:00-05:00,39.749715415273144,41.87099889121559,39.5044904317966,41.22342300415039,3.707467018269519,5.990479648142041,-8.844435742990353
2019-01-01 00:00:00-05:00,36.71861499233141,40.06356742305423,33.662879136530776,39.456687927246094,7.456906899910367,19.014084507042245,-4.285755398639313
2018-12-01 00:00:00-05:00,43.72856076110434,43.84234977537734,34.75099928720546,37.394248962402344,-14.485525451677425,26.16140736856196,-5.227096021456912
2018-11-01 00:00:00-04:00,51.92854571530978,52.71322207753008,40.36226334198023,42.334625244140625,-18.47523426472665,30.600263000374866,13.21159381140542
2018-10-01 00:00:00-04:00,53.85050687990251,55.154542993220566,48.68633873328176,51.703102111816406,-3.9877150513647908,13.285460415032551,22.12958497600599
2018-09-01 00:00:00-04:00,53.95918208568744,54.25684099699284,50.862098338322724,53.328426361083984,-1.1689497509465772,6.674405440548457,3.1435720157613645
2018-08-01 00:00:00-04:00,47.042127026615816,54.067850745143865,46.612171652559276,53.77491760253906,14.312257972761142,15.995133520399344,0.837248109351485
2018-07-01 00:00:00-04:00,43.273559923357624,46.131469672707645,43.17939269747951,44.79667663574219,3.5197398020458124,6.836772800189148,-16.69596415406307
2018-06-01 00:00:00-04:00,44.25523738522908,45.71714832716328,42.54613878313079,43.577247619628906,-1.5319989353993704,7.453107696084907,-2.7221417026733863
2018-05-01 00:00:00-04:00,39.175024355147386,44.81551007202578,38.90665404764466,43.9915657043457,12.294928793236219,15.187263384677602,0.9507669881614333
2018-04-01 00:00:00-04:00,39.07847884011462,41.96293281726293,37.669084672898954,38.75485610961914,-0.8281354343897238,11.398865094943995,-11.903894555426685
2018-03-01 00:00:00-05:00,41.86912656553924,43.032289759659065,38.67981459410064,39.34581756591797,-6.026657842196554,11.252575047819008,1.5248707274961415
2018-02-01 00:00:00-05:00,39.202760356738445,42.35689694186854,35.23253571727151,41.770626068115234,6.550216586815952,20.220972120109323,6.1628113283829
2018-01-01 00:00:00-05:00,39.74190450484079,42.06345257314408,38.46668670542664,39.10429382324219,-1.6043787773707159,9.350339672509499,-6.383270963008947
2017-12-01 00:00:00-05:00,39.69285702100973,41.38613868367408,38.87774854283803,39.524696350097656,-0.4236547417664195,6.451994353716622,1.0750802169085416
2017-11-01 00:00:00-04:00,39.674179667531604,41.16193467668545,38.60215785898821,40.13662338256836,1.165603722400865,6.631175456688148,1.5482143798156933
2017-10-01 00:00:00-04:00,35.899318142062846,39.480872037882925,35.480425773771266,39.33891296386719,9.58122605057004,11.275079644249843,-1.9874876147344844
2017-09-01 00:00:00-04:00,38.35216779097878,38.384748373399916,34.712435571712874,35.866722106933594,-6.48058721893112,10.57924268696261,-8.826351811304
2017-08-01 00:00:00-04:00,34.69848448975741,38.28701933479134,34.53790744058944,38.1660041809082,9.993288589230351,10.855063818359435,6.410627843602468
2017-07-01 00:00:00-04:00,33.58452623039948,35.6963086996559,33.011957083587816,34.47698974609375,2.657365209119555,8.13145251967698,-9.665707778389365
2017-06-01 00:00:00-04:00,35.50622731391807,36.157610830662236,32.963279206374025,33.38517379760742,-5.973750738308418,9.69057600213067,-3.1667960472391066
2017-05-01 00:00:00-04:00,33.63552248064123,36.312916400145134,33.443120385030724,35.41117858886719,5.279109635498988,8.581125152421311,6.068576439176598
2017-04-01 00:00:00-04:00,33.176371889369335,33.580370553999515,32.3337439895874,33.16251754760742,-0.04175966500530029,3.855497107955007,-6.350144589558271
2017-03-01 00:00:00-05:00,31.832768613354403,33.358728587934316,31.638850206084147,33.16481018066406,4.184498004207037,5.435969925099985,0.006913326327984137
2017-02-01 00:00:00-05:00,29.325686042184902,31.73813453931805,29.321069689495786,31.625017166137695,7.840672919450932,8.243440213534136,-4.642851884688626
2017-01-01 00:00:00-05:00,26.617765201459992,28.14403411366808,26.37871080207075,27.89348602294922,4.792742034629011,6.692227398234913,-11.799301557957708
2016-12-01 00:00:00-05:00,25.369628737868183,27.128054942190953,24.8823252924969,26.622364044189453,4.93793314543608,9.025401055950494,-4.55705671823865
2016-11-01 00:00:00-04:00,26.079888687358764,26.15114465322087,23.923804726219814,25.40410041809082,-2.5912237485718506,9.310140893099483,-4.576091079201239
2016-10-01 00:00:00-04:00,25.775158228071046,27.142699120461963,25.676823333260888,25.964967727661133,0.73640478910182,5.708945254541003,2.2077826033584103
2016-09-01 00:00:00-04:00,24.272694256106515,26.568698344621634,23.447138936874367,25.85291290283203,6.510272943136361,13.313178277960883,-0.43156157944971296
2016-08-01 00:00:00-04:00,23.87706656887723,25.208016815693412,23.783304626627423,24.2635440826416,1.618613880601774,5.990387843205369,-6.147735948223943
2016-07-01 00:00:00-04:00,21.719533785909714,23.780263633885653,21.46478698172073,23.70292854309082,9.131847749272636,10.787326490296717,-2.3105261854629577
2016-06-01 00:00:00-04:00,22.522439155968573,23.175231161914198,20.81199002863657,21.744548797607422,-3.4538459754480293,11.355190589779701,-8.262184741953538
2016-05-01 00:00:00-04:00,21.37380930919536,22.91139571669357,20.35026838505,22.713510513305664,6.267957127950721,12.585226313403611,4.456113229651648
2016-04-01 00:00:00-04:00,24.592655438272008,25.40879353478414,20.91438345891135,21.19245719909668,-13.826071965713036,21.48956523008467,-6.696689678673606
2016-03-01 00:00:00-05:00,22.076423849381886,24.963426962974314,22.024425369964543,24.64013671875,11.612899294103267,13.344282739007514,16.268427428039246
2016-02-01 00:00:00-05:00,21.80964542036718,22.356751270007287,20.93246567896925,21.85938262939453,0.22805143352264035,6.804194082443946,-11.285465340942869
2016-01-01 00:00:00-05:00,23.072564219181164,23.801100018198508,20.77452666843395,21.8875675201416,-5.135955794867508,14.568675368971526,0.12893726792251314
2015-12-01 00:00:00-05:00,26.701763537300643,26.951354895817417,23.569506070156816,23.66844367980957,-11.35999820106908,14.348407707799286,8.136473630654262
2015-11-01 00:00:00-04:00,27.16271095405786,27.841777955924496,24.95911291168257,26.600568771362305,-2.069536371558588,11.549549274616409,12.388330771634104
2015-10-01 00:00:00-04:00,24.420614612356843,27.140982317804966,24.02655268876587,26.755876541137695,9.562666484238315,12.962448959626705,0.5838513120162814
2015-09-01 00:00:00-04:00,24.66241594189958,26.171491098151357,24.037739027656873,24.696001052856445,0.13617932256103552,8.876675414603152,-7.698777818451019
2015-08-01 00:00:00-04:00,27.203666035304284,27.44323734687528,20.598660701629584,25.246793746948242,-7.193413879645702,33.228260537852414,2.2302910212586458
2015-07-01 00:00:00-04:00,28.28468596156854,29.63762554462999,26.572894045062156,27.0365047454834,-4.412922306371348,11.533299663825403,7.088864496908598
2015-06-01 00:00:00-04:00,29.038056917781375,29.285464510690282,27.74529825355409,27.957042694091797,-3.722749861502002,5.551089208200895,3.4047964308780765
2015-05-01 00:00:00-04:00,28.106378714843387,29.637630905992904,27.495661676232373,29.038057327270508,3.3148297825186828,7.790207978926646,3.8666987957462373
2015-04-01 00:00:00-04:00,27.705354580837525,29.86282830002581,27.323578873294167,27.778602600097656,0.2643821758224057,9.293253414959796,-4.337255460922518
2015-03-01 00:00:00-05:00,28.68863878354844,28.917259773310484,26.99728476941816,27.6187801361084,-3.729206727136721,7.111733718004193,-0.5753437863310507
2015-02-01 00:00:00-05:00,26.202668099696407,29.65418490089321,25.76540179891157,28.51329803466797,8.818300205841762,15.093042725791758,3.2388030686050895
2015-01-01 00:00:00-05:00,24.62720160643609,26.530785608810817,23.132633544840807,25.902891159057617,5.180002068477562,14.689862515579804,-9.155050644918317
2014-12-01 00:00:00-05:00,26.26768378099429,26.364963851958226,23.493007255603523,24.40389633178711,-7.095362745898838,12.224729533804949,-5.786978828216038
2014-11-01 00:00:00-04:00,23.92635445790188,26.47552129010348,23.815809483830463,26.294227600097656,9.896506157517726,11.16784129499694,7.746022367126315
2014-10-01 00:00:00-04:00,22.14341082224564,23.783419948362685,20.952479625700814,23.774614334106445,7.3665413379860585,13.511242455472294,-9.582381746714075
2014-09-01 00:00:00-04:00,22.68714672176366,22.83683881432941,21.163810631211746,22.178634643554688,-2.2414104534404062,7.905136802964652,-6.7129572245561375
2014-08-01 00:00:00-04:00,20.890846739068383,22.65192968137974,20.534226838630488,22.563875198364258,8.008428189591335,10.313039099993167,1.7369894991327905
2014-07-01 00:00:00-04:00,20.485159322753884,21.78191152895287,20.277066513307506,20.94077491760254,2.2241252199712243,7.421413815739868,-7.193357818604595
2014-06-01 00:00:00-04:00,19.83804074973384,20.82030421706679,19.479430790848685,20.355926513671875,2.6105691104852906,6.883534948300647,-2.79286896608133
2014-05-01 00:00:00-04:00,18.52500984630608,20.157526562532972,18.159828901664998,19.807992935180664,6.925681009181288,11.00064142501262,-2.691764376940531
2014-04-01 00:00:00-04:00,16.734259060609972,18.65333526273316,15.91179901820343,18.362688064575195,9.731109086259517,17.229580648884244,-7.2965740412724305
2014-03-01 00:00:00-05:00,16.28802137353109,17.08403221930127,16.269039097044036,16.7025203704834,2.544808773556072,5.009473008183458,-9.040984022892307
2014-02-01 00:00:00-05:00,15.640444766549171,17.152177971828714,15.537443245509708,16.375774383544922,4.7014623175450145,10.39253821110922,-1.9562675553798425
2014-01-01 00:00:00-05:00,17.18901136308319,17.328829734356887,15.267125373029137,15.485204696655273,-9.912185351667045,13.504207969431835,-5.438336325545201
2013-12-01 00:00:00-05:00,17.2607726488991,17.790968879961234,16.666853220529195,17.354190826416016,0.5412166617169062,6.744618462514709,12.069495795327988
2013-11-01 00:00:00-04:00,16.209660108037564,17.270981038914158,15.849596690180215,17.201072692871094,6.116183672117451,8.96795279096645,-0.8823121462502859
2013-10-01 00:00:00-04:00,14.71413243628299,16.583960667032066,14.708904589344533,16.07498550415039,9.248612337562818,12.747761509350378,-6.5466102540651665
2013-09-01 00:00:00-04:00,15.164661674073768,15.620431639308807,13.75368131009272,14.661839485168457,-3.3157494688124824,13.572732180774242,-8.790962944365166
2013-08-01 00:00:00-04:00,14.01601293881786,15.799420211123266,13.939434811464272,14.983832359313965,6.905097938485008,13.343334394944605,2.196128763183003
2013-07-01 00:00:00-04:00,12.302985362933052,13.972650803142091,12.258073303116134,13.825695991516113,12.376757215128837,13.987332736785746,-7.72924002368428
2013-06-01 00:00:00-04:00,13.770703195539681,13.883745738400693,11.880756406651038,12.114785194396973,-12.024934221798194,16.85910613088868,-12.374861982854313
2013-05-01 00:00:00-04:00,13.57914342469801,14.229595372992033,12.798234291147141,13.740153312683105,1.185714613576047,11.18405124709274,13.416400639425753
2013-04-01 00:00:00-04:00,13.412151170188652,13.513827658229582,11.688208100325218,13.438859939575195,0.19913859490272517,15.61932797768691,-2.1927948418872134
2013-03-01 00:00:00-05:00,13.293782817129996,14.263502098406793,12.717112431819546,13.435219764709473,1.0639330394146735,12.159911889416174,-0.027086932091635596
2013-02-01 00:00:00-05:00,13.934499178492057,14.71846892744191,13.283467912659077,13.396981239318848,-3.857461486688164,10.802909482811215,-0.284614067058786
2013-01-01 00:00:00-05:00,16.711652560935754,16.747259356292403,13.126230371615607,13.744521141052246,-17.754865409416855,27.586206261524808,2.594165771565038
2012-12-01 00:00:00-05:00,17.913533689576248,17.941898262090884,15.124737493286851,16.058359146118164,-10.356273505866662,18.62617959521239,16.83462072865476
2012-11-01 00:00:00-04:00,18.051428762981967,18.195665657789185,15.26112499528931,17.660961151123047,-2.163084246603523,19.22886198367216,9.979861518991395
2012-10-01 00:00:00-04:00,20.16033230153162,20.32824599725274,17.653358413677587,17.882247924804688,-11.299835452384201,15.152287292273437,1.2529712952093153
2012-09-01 00:00:00-04:00,19.99812857131084,21.178922625223752,19.704956970357806,20.038379669189453,0.20127432292018146,7.4801769782255025,12.057386484357856
2012-08-01 00:00:00-04:00,18.50072946644894,20.45200027877615,18.030333423140387,19.982505798339844,8.00928598290193,13.431070844911616,-0.27883427588468734
2012-07-01 00:00:00-04:00,17.48905447312296,18.540077926088973,17.048485624428366,18.267601013183594,4.451621677187289,8.749119039191022,-8.58203071457998
2012-06-01 00:00:00-04:00,17.02337021997922,17.64668699472762,16.405438102213235,17.46722984313965,2.607354580349188,7.566081958804438,-4.381369887958053
2012-05-01 00:00:00-04:00,17.494139605708305,17.848867085182693,15.618208152843172,17.279687881469727,-1.2258489361123175,14.282425426206446,-1.0736789024596294
2012-04-01 00:00:00-04:00,18.000506846291607,19.261795235841618,16.59983883375196,17.46661949157715,-2.9659573437202855,16.036037631143625,1.0817996909995298
2012-03-01 00:00:00-05:00,16.395563708842097,18.587342356509172,15.439950985063915,17.932321548461914,9.373010083154666,20.3847238536569,2.666240351255933
2012-02-01 00:00:00-05:00,13.710874978815177,16.378814564239455,13.578375069454715,16.224180221557617,18.330742907551674,20.624260859345974,-9.525489057777946
2012-01-01 00:00:00-05:00,12.245003592325048,13.70578825521997,12.233039466161898,13.65314769744873,11.499744320257138,12.039107640679791,-15.846917927431969
2011-12-01 00:00:00-05:00,11.441629957855467,12.23573085252461,11.29626902136157,12.11340045928955,5.8712832341939825,8.316567438208926,-11.27759892648712
2011-11-01 00:00:00-04:00,11.886383311513429,12.20312667804802,10.866763694785059,11.43145751953125,-3.8272852225918625,12.297709058533043,-5.629657353855011
2011-10-01 00:00:00-04:00,11.376726492423934,12.762439831961675,10.595187935467901,12.106820106506348,6.4174313636581,20.455058557657043,5.9079306888137895
2011-09-01 00:00:00-04:00,11.539732976973628,12.647585372386906,10.961279524831786,11.405138969421387,-1.1663528768023501,15.38420623007512,-5.795750914873754
2011-08-01 00:00:00-04:00,11.897455601117583,11.948899757885687,10.558699930831656,11.510126113891602,-3.2555657294455287,13.166392038423355,0.9205249033062968
2011-07-01 00:00:00-04:00,10.048140889882971,12.098447259973245,9.995799031522992,11.679113388061523,16.231584688673173,21.035319155770246,1.468161795082068
2011-06-01 00:00:00-04:00,10.434575524929846,10.532079978954426,9.286942438465598,10.039767265319824,-3.7836542432105893,13.407400215291437,-14.036563121456213
2011-05-01 00:00:00-04:00,10.460593727004655,10.523105085915837,9.852830516216136,10.40346622467041,-0.5461210312256626,6.802863081797055,3.622583569311444
2011-04-01 00:00:00-04:00,10.501568919196657,10.621805170433596,9.575865991617368,10.472257614135742,-0.2791135808987035,10.922658898232646,0.6612352842767288
2011-03-01 00:00:00-05:00,10.63197331422689,10.81741321869566,9.758312840469575,10.423802375793457,-1.957970851515163,10.853314456509281,-0.46270097745569894
2011-02-01 00:00:00-05:00,10.20815718410748,10.91402383816913,10.101080653610458,10.564380645751953,3.489596165300614,8.048081313637471,1.348627543869707
2011-01-01 00:00:00-05:00,9.739773637591762,10.426498601641013,9.715846180602547,10.148937225341797,4.200955822739263,7.314364676308547,-3.932491968445029
2010-12-01 00:00:00-05:00,9.429610780501424,9.770281746403414,9.418244858617848,9.647652626037598,2.3123101325352837,3.7378183841063173,-4.939281701856391
2010-11-01 00:00:00-04:00,9.039288115320275,9.609964119752183,8.905891311423686,9.306381225585938,2.954802489512183,7.905697293042141,-3.537351661383603
2010-10-01 00:00:00-04:00,8.55864106620698,9.541172209541223,8.30799820248216,9.002201080322266,5.1825986238240915,14.843214658985247,-3.2685115501973283
2010-09-01 00:00:00-04:00,7.401736078829178,8.815264847596325,7.366144001297383,8.486858367919922,14.660375316467517,19.672719485849193,-5.7246300966196095
2010-08-01 00:00:00-04:00,7.78966425651077,7.904516670268359,7.045512398896049,7.271031379699707,-6.657961880418382,12.19221857457672,-14.325995975330585
2010-07-01 00:00:00-04:00,7.606018586319452,7.955662562545123,7.16634736212246,7.694252014160156,1.1600474918560524,11.01419119863722,5.820641011700989
2010-06-01 00:00:00-04:00,7.767233085050112,8.34508687431074,7.244113183219662,7.523170471191406,-3.142207928953004,15.198184556825867,-2.223498043135308
2010-05-01 00:00:00-04:00,7.891357545570157,8.012192830359762,5.959494095501559,7.6831865310668945,-2.6379620147881937,34.444177676216746,2.1269763923101426
2010-04-01 00:00:00-04:00,7.100844265450993,8.149176285937882,6.961465413613386,7.8091044425964355,9.974309401368894,17.061219179540657,1.6388761488529857
2010-03-01 00:00:00-05:00,6.153905619347116,7.102938637483485,6.144932925242403,7.028761863708496,14.216276596945862,15.590173625911305,-9.992728162673725
2010-02-01 00:00:00-05:00,5.7537160730788575,6.136559356775945,5.708253188546107,6.1201090812683105,6.367936886975957,7.503279095770589,-12.927636475092708
2010-01-01 00:00:00-05:00,6.383613099035464,6.448218188770935,5.690307891974556,5.744444370269775,-10.012648305115233,13.319319642884578,-6.1382028655065035
2009-12-01 00:00:00-05:00,6.048924763161445,6.399166236808811,5.643349994209777,6.302857398986816,4.197979736363177,13.393042135868244,9.720923255991366
2009-11-01 00:00:00-04:00,5.676846432045783,6.221201673302157,5.55032902039115,5.979233264923096,5.3266692431618266,12.087078990206036,-5.134562208495197
2009-10-01 00:00:00-04:00,5.543751515873421,6.242440654609287,5.404670916527625,5.637966632843018,1.6994830432033388,15.500846416379218,-5.7075316676822645
2009-09-01 00:00:00-04:00,5.024518367172074,5.649929022181788,4.9084687511712,5.543749809265137,10.333954503689071,15.105734773877696,-1.6711135363774
2009-08-01 00:00:00-04:00,4.941367625819878,5.159109834279229,4.768190969064035,5.031096935272217,1.8158800608859895,8.198473336145105,-9.247402780265002
2009-07-01 00:00:00-04:00,4.292030888167816,4.935087723772059,4.020451286197749,4.886933326721191,13.860628081531058,22.749596313087224,-2.8654508232651477
2009-06-01 00:00:00-04:00,4.081767749736037,4.378769598084466,3.9743917127512174,4.260028839111328,4.367252139390319,10.17458556075046,-12.828177625874726
2009-05-01 00:00:00-04:00,3.7626315025848047,4.064718506647053,3.570611266899513,4.0620269775390625,7.957076709440797,13.838169512543738,-4.647899557730928
2009-04-01 00:00:00-04:00,3.113292801182318,3.8045042725850853,3.1073107393459067,3.763528347015381,20.88578194720799,22.43720025844402,-7.348514231299463
2009-03-01 00:00:00-05:00,2.6356368864754414,3.2894612542692836,2.4624599413091843,3.1441009044647217,19.29188427276999,33.58435599648448,-16.458689438114327
2009-02-01 00:00:00-05:00,2.664948633327177,3.080692101056877,2.5874827009559027,2.671229600906372,0.23568812924373378,19.061360291172818,-15.039953167115517
2009-01-01 00:00:00-05:00,2.568639234464029,2.906318715222676,2.338932999393058,2.6957554817199707,4.94877776335397,24.25831419612498,0.9181494846147498
2008-12-01 00:00:00-05:00,2.7307492180322255,3.0986379269299413,2.528859572076269,2.5527868270874023,-6.516980386542512,22.531039728151733,-5.303472648096042
2008-11-01 00:00:00-04:00,3.1683262378482797,3.3435968485143936,2.3670478577081506,2.7717249393463135,-12.517691321185154,41.255988451022205,8.576435366078261
2008-10-01 00:00:00-04:00,3.3474861609067137,3.4814813842499697,2.542318408183175,3.217977285385132,-3.8688397590418284,36.94120189838658,16.10016707300195
2008-09-01 00:00:00-04:00,5.156420937138236,5.189321487743325,3.00860995434929,3.399529218673706,-34.07192197616799,72.48236117285882,5.641802821701569
2008-08-01 00:00:00-04:00,4.782548756420226,5.397192050116494,4.573480481341499,5.0705790519714355,6.022527113070189,18.010606410927164,49.155330806354236
2008-07-01 00:00:00-04:00,4.912059052532406,5.410951590261904,4.382658388907972,4.754136562347412,-3.2149957583180377,23.46277327834699,-6.240756457607954
2008-06-01 00:00:00-04:00,5.640957666272656,5.68133620394209,4.909667423085728,5.00806999206543,-11.219507602251088,15.717333056571226,5.341315428950044
2008-05-01 00:00:00-04:00,5.232988432939092,5.749827087561002,5.144456297897707,5.645442485809326,7.881807081285297,11.767439640038939,12.726908664489955
2008-04-01 00:00:00-04:00,4.3757792140329785,5.3837337516312145,4.295322856027895,5.202780723571777,18.89952552648526,25.339443205669255,-7.841046354652381
2008-03-01 00:00:00-05:00,3.721956019861265,4.359031207226508,3.5293379073733466,4.292033672332764,15.316614420735364,23.50846877313165,-17.505005488945034
2008-02-01 00:00:00-05:00,4.074887129625915,4.08535533863516,3.4527670669052926,3.7393014430999756,-8.23545967902053,18.321197447496935,-12.878096292575748
2008-01-01 00:00:00-05:00,5.960092674763645,5.989703089820832,3.772801116985216,4.048568248748779,-32.0720587803724,58.76010698934234,8.27071072912522
2007-12-01 00:00:00-05:00,5.439364571967667,6.07045735937074,5.293704551915687,5.924499034881592,8.91895471419797,14.673142405991674,46.33565919785529
2007-11-01 00:00:00-04:00,5.640956765761259,5.762988870326311,4.505288312079681,5.450133323669434,-3.382820503962386,27.916094845127976,-8.006849328850285
2007-10-01 00:00:00-04:00,4.624926916383705,5.686419804236976,4.574080570844459,5.68133544921875,22.84162651506427,24.318313072197547,4.242137060119733
2007-09-01 00:00:00-04:00,4.185553500574536,4.635992446684296,3.888251768122632,4.590230464935303,9.668421734549995,19.23076804573012,-19.205079404939674
2007-08-01 00:00:00-04:00,3.99712249330922,4.176879468124583,3.338512822950735,4.141884803771973,3.6216631015204053,25.11197918457777,-9.767388905377095
2007-07-01 00:00:00-04:00,3.620560423628055,4.4541417011119835,3.568218572485674,3.9408926963806152,8.847588087801192,24.82816314722454,-4.852672561253179
2007-06-01 00:00:00-04:00,3.6220554338564144,3.8167671568277046,3.451571061683227,3.65017032623291,0.776213751829904,10.58057587742037,-7.377068916763696
2007-05-01 00:00:00-04:00,2.9787001702200278,3.654059061070096,2.947594043853502,3.6247477531433105,21.688909457293956,23.967514071001613,-0.6964763508950145
2007-04-01 00:00:00-04:00,2.8156931619684147,3.065737241266773,2.6799033075512995,2.9849817752838135,6.012324624074141,14.397308015863478,-17.649944808013316
2007-03-01 00:00:00-05:00,2.5133056604581263,2.896149075466132,2.504930972610132,2.7789032459259033,10.567659542825515,15.617919500925478,-6.903845479536175
2007-02-01 00:00:00-05:00,2.579106735083383,2.7160923399236334,2.4783114018037478,2.530653238296509,-1.8786929648069666,9.594473799653489,-8.933380749882136
2007-01-01 00:00:00-05:00,2.5809028140293333,2.925162437956955,2.4495992942386207,2.5641534328460693,-0.6489737270313815,19.413915771319974,1.3237765665639278
2006-12-01 00:00:00-05:00,2.7457031318274274,2.761555595946575,2.2961621594120163,2.5375325679779053,-7.581685049503963,20.268317489115546,-1.0381931333421135
2006-11-01 00:00:00-05:00,2.4256712040785056,2.7863809824489127,2.3266696683241244,2.74151611328125,13.020928338172343,19.75834044614995,8.038657232521507
2006-10-01 00:00:00-04:00,2.2462131554048335,2.470535307919637,2.1714387717860526,2.425072431564331,7.962702726102674,13.774117880725287,-11.542652628737448
2006-09-01 00:00:00-04:00,2.048211009274403,2.3263707164355614,2.0284710023626817,2.302443265914917,12.412405532893715,14.685924212172516,-5.056721772648675
2006-08-01 00:00:00-04:00,2.010525299137113,2.093674387742412,1.8717448147876425,2.0293684005737305,0.9372227966842518,11.8568285164422,-11.860221243396207
2006-07-01 00:00:00-04:00,1.7204020929212216,2.0526974886150735,1.5002673775271622,2.032658576965332,18.150203683715752,36.822110469299304,0.16212809811522177
2006-06-01 00:00:00-04:00,1.790091374592894,1.8872973001485966,1.6572929737781035,1.7129243612289429,-4.310786279359651,13.878314215389215,-15.72985347169016
2006-05-01 00:00:00-04:00,2.11670469685268,2.2073307645289946,1.7553960402004818,1.7876989841461182,-15.543297711568322,25.745456522557603,4.365319602526285
2006-04-01 00:00:00-05:00,1.90434610397122,2.1549880853549337,1.8259822982322635,2.1053385734558105,10.554408626953462,18.018016244800467,17.76806901646313
2006-03-01 00:00:00-05:00,2.0589777237389395,2.0933743722911773,1.7248878278562338,1.8759312629699707,-8.890162271234825,21.362927981984466,-10.896456910931862
2006-02-01 00:00:00-05:00,2.2417271693344576,2.2868903508353777,1.8813162314904555,2.0485103130340576,-8.619106684501835,21.557998201270497,9.199646781879412
2006-01-01 00:00:00-05:00,2.164859429850243,2.5841923297894898,2.1196954459473267,2.258476734161377,4.324405687514327,21.9133783926479,10.249712671269751
2005-12-01 00:00:00-05:00,2.062268906716104,2.256980446979155,2.058081463003543,2.150203227996826,4.2639600002865885,9.664291115344907,-4.794094379048596
2005-11-01 00:00:00-05:00,1.712027890309575,2.125677658788786,1.7009606718692791,2.0284717082977295,18.483566756084453,24.969242025611436,-5.661396007320862
2005-10-01 00:00:00-04:00,1.619906053004443,1.7341603777671186,1.4317743378138599,1.7224961519241333,6.333089423884573,21.11967172249814,-15.084043574379812
2005-09-01 00:00:00-04:00,1.405752029405446,1.6318687824883227,1.3785342462069876,1.6034551858901978,14.063871319351328,18.37709414752521,-6.910956863442596
2005-08-01 00:00:00-04:00,1.2732526393751096,1.4455318311399499,1.2568021686198905,1.4024624824523926,10.148012977275034,15.016656338786055,-12.534974797329246
2005-07-01 00:00:00-04:00,1.1015720675997105,1.3273900615650809,1.0854206894846912,1.2756460905075073,15.802327240114069,22.29268102446673,-9.042408872366403
2005-06-01 00:00:00-04:00,1.1930951480424488,1.219116120208605,1.0623895851393852,1.1009734869003296,-7.721233406511314,14.752265765920255,-13.692873353116731
2005-05-01 00:00:00-04:00,1.0830273109175272,1.224500187799471,0.9903077421540153,1.1892067193984985,9.803945607892143,23.648451453693017,8.01411056197001
2005-04-01 00:00:00-05:00,1.2588963377426643,1.3294832964241872,1.0169278350168838,1.0785413980484009,-14.326432946628401,30.735264651509333,-9.305810297310824
2005-03-01 00:00:00-05:00,1.345634782295787,1.349223321949218,1.1613913993727345,1.2463343143463135,-7.379451635462117,16.173007883296812,15.55739228939479
2005-02-01 00:00:00-05:00,1.152268858993135,1.3590937367940525,1.1452399335651007,1.34174644947052,16.443869761693698,18.673275089459274,7.655420702610516
2005-01-01 00:00:00-05:00,0.9687732012126214,1.1648307361889136,0.9361713551168973,1.1500251293182373,18.709428365559795,24.42494953751968,-14.288938139388385
2004-12-01 00:00:00-05:00,1.0137871466372985,1.0161797721254766,0.9212166202442891,0.9630900621414185,-5.000762207731748,10.308449695143919,-16.254868038200044
2004-11-01 00:00:00-05:00,0.7851281323001711,1.040406589606933,0.7782491562630807,1.0027204751968384,27.714246114095058,33.685540322671706,4.11492285231374
2004-10-01 00:00:00-04:00,0.585031957483232,0.7955960549331423,0.5630483780119085,0.7836319804191589,33.946867413925695,41.301544592375215,-21.84940870332497
2004-09-01 00:00:00-04:00,0.512950173383587,0.5872756092165701,0.5113053556387092,0.579498827457428,12.973707296922111,14.85809853936712,-26.049619982653294
2004-08-01 00:00:00-04:00,0.46629149735178166,0.5261102957078782,0.44415800834629254,0.5157918334007263,10.615749231987476,18.451156079953112,-10.993463841198503
2004-07-01 00:00:00-04:00,0.4800493459133611,0.5029306879963832,0.4298011625550662,0.483638733625412,0.7477122388785988,17.01473421025185,-6.23373572305751
2004-06-01 00:00:00-04:00,0.4155942353451277,0.5113052526493157,0.4129026070311284,0.4866292476654053,17.09239596677442,23.831926450095963,0.618336339105019
2004-05-01 00:00:00-04:00,0.38882541914912133,0.43039993173805935,0.3813476410238364,0.4196317195892334,7.922913195214049,12.862880332110645,-13.767673931970027
2004-04-01 00:00:00-05:00,0.40213551191802915,0.44236335437591295,0.3811987571924869,0.38553518056869507,-4.1280441187989085,16.04532964217952,-8.125348354007777
2004-03-01 00:00:00-05:00,0.3604110249664299,0.42082860352293383,0.35293409326458863,0.40437817573547363,12.199169204976181,19.237163978784515,4.887490459102506
2004-02-01 00:00:00-05:00,0.33588490933954135,0.3604110511040194,0.3245195849718645,0.35771942138671875,6.500593340174506,11.059876751434473,-11.538395776155086
2004-01-01 00:00:00-05:00,0.32227591866155614,0.3714772654860282,0.31674275977135674,0.3373805284500122,4.686856483471372,17.280428368491204,-5.685711124618765
2003-12-01 00:00:00-05:00,0.31464910758677717,0.32751012002633817,0.287880221578079,0.31958431005477905,1.5684781393002383,13.766106692227451,-5.2748208312412785
2003-11-01 00:00:00-05:00,0.3414188191348083,0.34844687035221966,0.29685286937910604,0.3127053380012512,-8.41004640761166,17.380327527581937,-2.1524748985169873
2003-10-01 00:00:00-04:00,0.30971388796802185,0.3740198201538205,0.30193797943660455,0.3423157334327698,10.526439637125373,23.873061895597136,9.469104563670761
2003-09-01 00:00:00-04:00,0.3388761999123026,0.3487466278968116,0.30133913247948696,0.30986374616622925,-8.561372487528326,15.732273145955183,-9.480133133557544
2003-08-01 00:00:00-04:00,0.31405110476378034,0.34171774550918727,0.29042273073276154,0.33812835812568665,7.666667302449542,17.66219009338697,9.121625975661773
2003-07-01 00:00:00-04:00,0.282197112751059,0.3225757106232031,0.27681385544490267,0.3152478337287903,11.711927402633297,16.531634626724433,-6.766816165236101
2003-06-01 00:00:00-04:00,0.2706818708548127,0.2944601434188097,0.24869829179730332,0.28503862023353577,5.303919813094417,18.40054923208065,-9.582687099840214
2003-05-01 00:00:00-04:00,0.21310576890431382,0.28429065989937247,0.20936730590197317,0.26843902468681335,25.965160899677294,35.78560352325439,-5.823630332311513
2003-04-01 00:00:00-05:00,0.21235803704686082,0.22357425631227382,0.1902253880497325,0.2126578390598297,0.14117761547340668,17.531239444139075,-20.779834709973077
2003-03-01 00:00:00-05:00,0.22447206647871004,0.22671481641674626,0.20996541109099381,0.2114611268043518,-5.796239985874703,7.977221218829071,-0.5627407203838031
2003-02-01 00:00:00-05:00,0.2154985225035172,0.22880843760674527,0.2063768001426,0.2244720160961151,4.16406269906164,10.869263138417553,6.152851584774366
2003-01-01 00:00:00-05:00,0.21475151181221008,0.23000519966057828,0.20278743475294406,0.21475151181221008,0.0,13.421820213265988,-4.330385788375013
2002-12-01 00:00:00-05:00,0.23778187897008016,0.24077248575056892,0.20607696204779788,0.21430258452892303,-9.874299312821687,16.836197194484892,-0.20904499321039438
2002-11-01 00:00:00-05:00,0.2383798500495941,0.2599145513018293,0.22447200395859124,0.23179985582828522,-2.760297994960542,15.789295198601334,8.164750480179439
2002-10-01 00:00:00-04:00,0.2181909198236865,0.24585673049307794,0.19979591901258587,0.24032357335090637,10.14370971308275,23.05393008432296,3.677188448700086
2002-09-01 00:00:00-04:00,0.2166952437253347,0.2271636283001544,0.2101152496282085,0.21684516966342926,0.06918746139375509,8.113822629301024,-9.769496749782148
2002-08-01 00:00:00-04:00,0.22596689527601851,0.2430161247169248,0.20891853938405577,0.22058366239070892,-2.3823104170785605,16.320995462344918,1.7240378160520153
2002-07-01 00:00:00-04:00,0.2648497304191088,0.2810011730443224,0.20637677148479558,0.22821044921875,-13.833988481838114,36.159302727063285,3.457548372069419
2002-06-01 00:00:00-04:00,0.3497935914943054,0.3506905018509466,0.23897789096049088,0.26499974727630615,-24.24110855083509,46.74600250318747,16.120777196442894
2002-05-01 00:00:00-04:00,0.36325235314464766,0.3885263369463413,0.331099398337998,0.34844672679901123,-4.075851461791027,17.344319831629488,31.489456265668725
2002-04-01 00:00:00-05:00,0.34964356866890156,0.39136716001237254,0.3439605090170777,0.3629534840583801,3.8067096272211205,13.78258542841646,4.163264035404923
2002-03-01 00:00:00-05:00,0.3279590203790704,0.3783571356941852,0.3263142522871551,0.3539808988571167,7.934490854366201,15.948700690288147,-2.4721033397822945
2002-02-01 00:00:00-05:00,0.3640003613726609,0.3885264978517284,0.31315421807764293,0.3245195150375366,-10.846375587716539,24.068741668808617,-8.32287389367642
2002-01-01 00:00:00-05:00,0.32975371467381503,0.3698324920736128,0.3028349029960271,0.3696834146976471,12.108946236839097,22.123470054065937,13.917159852431805
2001-12-01 00:00:00-05:00,0.31494808449123884,0.359364132779321,0.3004422542160644,0.32751011848449707,3.9886046659247656,19.611714975644755,-11.407949217208536
2001-11-01 00:00:00-05:00,0.26395291491610307,0.3222759992677931,0.2579708751615634,0.31853753328323364,20.67968008024469,24.92728067304354,-2.739636027974557
2001-10-01 00:00:00-04:00,0.2316500019755746,0.29042277979003306,0.22177957186102748,0.2626062333583832,13.363363314830728,30.951095880020503,-17.558778505112016
2001-09-01 00:00:00-04:00,0.27666393746123996,0.2853376289317025,0.21953678572410779,0.23194894194602966,-16.16220600542663,29.972582039297386,-11.674243608115342
2001-08-01 00:00:00-04:00,0.2842907607378424,0.29760064915966156,0.25841881652768545,0.2774117887020111,-2.4196959542328154,15.162143824684843,19.60036824249012
2001-07-01 00:00:00-04:00,0.3535318745911985,0.3771602189576323,0.26694338089052483,0.28100115060806274,-20.51603524208549,41.2884701240478,1.2938750450534275
2001-06-01 00:00:00-04:00,0.3010401535135141,0.37536558199250575,0.2893758805363637,0.3476997911930084,15.499473121747432,29.715573148929515,23.736073834792304
2001-05-01 00:00:00-04:00,0.3800017810878407,0.39929370529962604,0.28862798565298947,0.29834848642349243,-21.487608408202018,38.341992165543964,-14.193653841489095
2001-04-01 00:00:00-05:00,0.330351626920115,0.40557484840093544,0.28040242269330834,0.38119861483573914,15.391777661176729,44.64027967566283,27.769582277901893
2001-03-01 00:00:00-05:00,0.2663823376514588,0.3551767081068487,0.25703616344620145,0.3300526440143585,23.901849846444218,38.18160967889968,-13.41714498186719
2001-02-01 00:00:00-05:00,0.3093781519642769,0.32807133236945785,0.2691871489477743,0.27292561531066895,-11.782518067991129,21.874812245627606,-17.308459647184137
2001-01-01 00:00:00-05:00,0.22245285261610476,0.3364835453670044,0.21591054595195186,0.32339808344841003,45.37825864904068,55.8439602305876,18.493122413698227
2000-12-01 00:00:00-05:00,0.254231473816978,0.26170925182454724,0.20375970439671007,0.22245286405086517,-12.499872375750913,28.440141096304433,-31.2139201077387
2000-11-01 00:00:00-05:00,0.2906841099398978,0.343960599334262,0.24114608641987986,0.24675464630126953,-15.112440665474,42.63577918298167,10.924463640462555
2000-10-01 00:00:00-04:00,0.3991071712477261,0.4000417939874947,0.26170934226387765,0.2925533652305603,-26.698043456359688,52.85728454589843,18.560428188806565
2000-09-01 00:00:00-04:00,0.916917216985676,0.9589774556852976,0.3794784930448002,0.38508617877960205,-58.002077870720385,152.7093032310749,31.629379301829918
2000-08-01 00:00:00-04:00,0.7524145125994767,0.9197208884928112,0.6617509201170516,0.9113093614578247,21.117993632178987,38.98294064028342,136.6507581097576
2000-07-01 00:00:00-04:00,0.7795200941308829,0.9066354354926086,0.7010073162427098,0.7598914504051208,-2.5180420458111143,29.333234402179066,-16.615423637312375
2000-06-01 00:00:00-04:00,0.6112783849849842,0.8617714530425221,0.600996763290422,0.7832586169242859,28.13451876652342,43.390365086889,3.075066380429381
2000-05-01 00:00:00-04:00,0.9337405840858537,0.9440222011138246,0.6112781075398033,0.6281020045280457,-32.73270807405601,54.43415844110772,-19.80911656044233
2000-04-01 00:00:00-05:00,1.0131883870640548,1.0430986030358522,0.7841932222220556,0.9276659488677979,-8.440921677367204,33.01550861153502,47.693518278905
2000-03-01 00:00:00-05:00,0.8865405827355098,1.1244155064679213,0.8524245446013319,1.0155260562896729,14.549302769216204,31.907922359719965,9.471093288387578
2000-02-01 00:00:00-05:00,0.7776498899179443,0.896821809558816,0.7253080454457,0.8570981025695801,10.216450060838946,23.647023521946615,-15.600579890478173
2000-01-01 00:00:00-05:00,0.7841933435876115,0.9085048183677457,0.6467955046120704,0.7757809162139893,-1.072749143104961,40.462450943075304,-9.487500452025488
1999-12-01 00:00:00-05:00,0.7552183758667049,0.8823336610515529,0.6809113652009198,0.7687711119651794,1.794545330404746,29.581279758959294,-0.9035803926473851
1999-11-01 00:00:00-05:00,0.5981929140676029,0.7757808294068174,0.5780969447325324,0.7318513989448547,22.343709150347248,34.195628687459546,-4.802432407475388
1999-10-01 00:00:00-04:00,0.46453444053676235,0.6061371981847,0.4449058422760879,0.5991275906562805,28.973772098361074,36.23943328857421,-18.13534940015534
1999-09-01 00:00:00-04:00,0.5009858894141554,0.5991272828700916,0.4294836364868741,0.47341305017471313,-5.503715737719786,39.49944351102238,-20.982932924831665
1999-08-01 00:00:00-04:00,0.41593096020830034,0.49257449084484967,0.38976003505221885,0.4879005551338196,17.303255061723828,26.378911778078027,3.0602250938709608
1999-07-01 00:00:00-04:00,0.34629705848270526,0.4234079179698789,0.3378855060939083,0.416398286819458,20.243090901176032,25.3110625740192,-14.655090583930608
1999-06-01 00:00:00-04:00,0.3364836108984767,0.36639300507708455,0.31451844600504236,0.34629708528518677,2.9164791594176473,16.493328048304846,-16.835132072641244
1999-05-01 00:00:00-04:00,0.3444278528163844,0.3738707978692254,0.3061060805604917,0.3294731676578522,-4.34189193360753,22.13765802517021,-4.858232524099804
1999-04-01 00:00:00-05:00,0.2696543065475297,0.35237283877976205,0.2504929886589161,0.3439604640007019,27.556080377331142,40.67173722757194,4.39710961770774
1999-03-01 00:00:00-05:00,0.2603072987236121,0.27759852262993256,0.23927676197737457,0.2687196731567383,3.231709012530707,16.01566334142452,-21.874836999815795
1999-02-01 00:00:00-05:00,0.31171460764913966,0.3135838527766889,0.25797082768619856,0.2603073716163635,-16.491763546301044,21.557873651566233,-3.130511972403316
1999-01-01 00:00:00-05:00,0.31498578858504334,0.35377486054975993,0.2771313142684091,0.3079761564731598,-2.2253804348988933,27.656039695001596,18.312499012532648
1998-12-01 00:00:00-05:00,0.23927679564076107,0.3103126430445067,0.23647295329866122,0.3061060309410095,27.929676641350014,31.225427143284,-0.6072306225151758
1998-11-01 00:00:00-05:00,0.2804024731450493,0.29442341045089426,0.2374076092938023,0.23880955576896667,-14.833291914143365,24.015995665300014,-21.984694311694795
1998-10-01 00:00:00-04:00,0.2747947470340902,0.3089107530028314,0.2131058914640645,0.2775985896587372,1.0203406924293081,44.95645844447346,16.242664061272528
1998-09-01 00:00:00-04:00,0.23460379035980342,0.3004984511967502,0.22899610371728985,0.28507643938064575,21.513995551152114,31.224263783865315,2.6937635854351383
1998-08-01 00:00:00-04:00,0.25610157141001527,0.3271365701062025,0.23179986570698813,0.2332017868757248,-8.941680602821537,41.12888681295739,-18.196751936997437
1998-07-01 00:00:00-04:00,0.21591053322616613,0.2850763032589515,0.21310584265348329,0.2589053809642792,19.913270138180785,33.77216678310149,11.022039939278883
1998-06-01 00:00:00-04:00,0.19815122730365214,0.21684524083893542,0.19160891845159464,0.2145078480243683,8.254614893528176,13.170745177874444,-17.148169255715995
1998-05-01 00:00:00-04:00,0.20562894271936097,0.2364729559224653,0.19160886978368377,0.1990857869386673,-3.1820208255525895,23.414409880623328,-7.189509021576235
1998-04-01 00:00:00-05:00,0.20516168917098815,0.22151831033524327,0.184598454674028,0.20469439029693604,-0.2277710209641781,20.000089234988437,2.8171791891887343
1998-03-01 00:00:00-05:00,0.17618599194220463,0.20936736579178017,0.16169859819386784,0.205628901720047,16.711266005472613,29.480012894583083,0.45653983079620986
1998-02-01 00:00:00-05:00,0.13833240753132617,0.1785234223967954,0.1299200310869835,0.17665418982505798,27.70267862579752,37.410236822735335,-14.090777926945586
1998-01-01 00:00:00-05:00,0.10187982782933824,0.14954774979554353,0.1009452118757379,0.13692960143089294,34.40305539215041,48.14744257472523,-22.487204200197354
1997-12-01 00:00:00-05:00,0.13225655658019092,0.1341257890690783,0.09533670971111484,0.0981413945555687,-25.79468489634934,40.686404508295325,-28.327115882901545
1997-11-01 00:00:00-05:00,0.13132197613315094,0.16076406356233902,0.12618158875153707,0.13272389769554138,1.0675452834862869,27.406910273493203,35.23742789327464
1997-10-01 00:00:00-04:00,0.16216601061303262,0.18506579269746992,0.11870382717967777,0.1273498684167862,-21.46944483904594,55.90549782134859,-4.049029128938642
1997-09-01 00:00:00-04:00,0.16450334975473965,0.17384951340864513,0.15702558272038425,0.16216596961021423,-1.4208708503566962,10.714133580525719,27.338937704657162
1997-08-01 00:00:00-04:00,0.13178920526972007,0.22105089161279454,0.13132190664902588,0.16263321042060852,23.40404518546344,68.3275070042811,0.2881250681122216
1997-07-01 00:00:00-04:00,0.10421643974141191,0.13552775775244613,0.09533674308024445,0.13085468113422394,25.5604983809737,42.15689919087451,-19.539999981675127
1997-06-01 00:00:00-04:00,0.12711616484535765,0.1280507872889227,0.10468370372886239,0.10655293613672256,-16.176722082239618,22.321605682373036,-18.571551882483984
1997-05-01 00:00:00-04:00,0.12618160415331983,0.13459314703365255,0.12244228928708967,0.1243123710155487,-1.4813832414904722,9.923742701406734,16.667241206791573
1997-04-01 00:00:00-05:00,0.1317892640531364,0.1486131949533597,0.12524695565261296,0.12711618840694427,-3.5458697487740567,18.656133539529485,2.255461277498183
1997-03-01 00:00:00-05:00,0.1233769348362757,0.14487478586628616,0.11870384489087309,0.13646240532398224,10.606091410093219,22.047256345801237,7.352499342662311
1997-02-01 00:00:00-05:00,0.12618156852923787,0.1336584864901344,0.11309610414776716,0.12150764465332031,-3.704125674134848,18.181335685534485,-10.95888690746516
1997-01-01 00:00:00-05:00,0.15796022723898048,0.16637261871000109,0.12337691209561265,0.1243123710155487,-21.30147367572814,34.84907012510438,2.30827152499804
1996-12-01 00:00:00-05:00,0.18039260399046156,0.1906742101010098,0.15515629294170996,0.15609091520309448,-13.471554958346326,22.891702608957935,25.563460762542277
1996-11-01 00:00:00-05:00,0.17478413538909282,0.1972166019024048,0.17291490253153144,0.18039268255233765,3.2088422388905324,14.054138200402882,15.568982549447806
1996-10-01 00:00:00-04:00,0.16450330319350642,0.20749815216584558,0.16450330319350642,0.17198023200035095,4.545154207663152,26.13616148592713,-4.663410085686803
1996-09-01 00:00:00-04:00,0.18039266576918017,0.18413111865721626,0.15141788071048834,0.16590526700019836,-8.031035356791628,21.60460692834275,-3.532362370659081
1996-08-01 00:00:00-04:00,0.16450336594002946,0.18693499702765504,0.15515636525525273,0.18132729828357697,10.227105231196765,20.481680993314235,9.295685159507428
1996-07-01 00:00:00-04:00,0.15796015097620625,0.17011100285636757,0.11963838805894948,0.1645033061504364,4.142282172935982,42.18764195698515,-9.278245632287307
1996-06-01 00:00:00-04:00,0.19347803501531757,0.19441264465546126,0.1467438841040405,0.1570255011320114,-18.840657483636438,32.48432521904894,-4.54568676667606
1996-05-01 00:00:00-04:00,0.1822618756548607,0.2159105680853615,0.17571871972966763,0.19534733891487122,7.179484581180173,22.87283245491803,24.404849853427702
1996-04-01 00:00:00-05:00,0.18786956934604873,0.19815119065367578,0.17758879662883711,0.1822618842124939,-2.9848820929725393,11.578654968767168,-6.69855795070734
1996-03-01 00:00:00-05:00,0.20656354012790457,0.20656354012790457,0.1719802301880623,0.1836637705564499,-11.08606560348215,20.108886877302716,0.7691604583224709
1996-02-01 00:00:00-05:00,0.205628901720047,0.22619129022549958,0.20375966968418044,0.205628901720047,0.0,11.008861849887802,11.959425147947744
1996-01-01 00:00:00-05:00,0.24114599731689945,0.2654477012226376,0.20083859530380332,0.2065635472536087,-14.340876667276625,32.16966630397995,0.4545302366270265
1995-12-01 00:00:00-05:00,0.28414169097290115,0.3000309946634291,0.23647293131104882,0.23834215104579926,-16.118556826449606,26.87752166812617,15.384420056058733
1995-11-01 00:00:00-05:00,0.27386019254642646,0.3177896835741764,0.26544781399201234,0.28507643938064575,4.0956105120381245,19.71832760458864,19.608066860933103
1995-10-01 00:00:00-04:00,0.2813958395625648,0.2949065101114045,0.25064677345937314,0.2706802785396576,-3.8080026483564082,17.658211211406375,-5.04993007218173
1995-09-01 00:00:00-04:00,0.3205302158842482,0.3391653023991842,0.25903297235728684,0.2776680588722229,-13.372267227219513,30.935185321260956,2.581562413879923
1995-08-01 00:00:00-04:00,0.33450696828153786,0.3447558153602022,0.3121441667817451,0.3205304443836212,-4.178245962922154,10.447623902342395,15.436556039426442
1995-07-01 00:00:00-04:00,0.34567646886590475,0.37076591640742723,0.3196578376672155,0.3345254957675934,-3.225840953217173,15.98837028780084,4.366215948966912
1995-06-01 00:00:00-04:00,0.31129436284932993,0.3726242255383283,0.3085068369407651,0.34521183371543884,10.895626427557687,20.783133765646202,3.1944763801410314
1995-05-01 00:00:00-04:00,0.28434661968240943,0.32987880549612164,0.27877069852795777,0.30897146463394165,8.660150410451878,18.333385552369403,-10.498008915699696
1995-04-01 00:00:00-05:00,0.2631730929894173,0.2937536192904454,0.2492731461986777,0.2835601270198822,7.746625537924837,17.844069355274854,-8.224493366779317
1995-03-01 00:00:00-05:00,0.29468034500413487,0.3020932073746811,0.25112646897640245,0.26131996512413025,-11.320870375503503,20.295247492636,-7.843190835569258
1995-02-01 00:00:00-05:00,0.302093225307222,0.32989310636812985,0.2817070236313398,0.29282715916633606,-3.067286971252848,17.105034200300768,12.056941009937571
1995-01-01 00:00:00-05:00,0.287402969307841,0.35532602500473764,0.28001043455136393,0.2984926104545593,3.8585687452797632,26.8974227957059,1.9347424277012193
1994-12-01 00:00:00-05:00,0.2735412147920274,0.2947964303653543,0.256907204667867,0.2883271276950836,5.405369320414068,14.748214533909628,-3.4056061702818052
1994-11-01 00:00:00-05:00,0.31697567398454723,0.32148008370074294,0.2689208802617776,0.27538934350013733,-13.119723025318738,19.544485868037572,-4.487189359659716
1994-10-01 00:00:00-04:00,0.24784425317028957,0.3224741731485181,0.23955260843804216,0.3183283507823944,28.438867034643895,34.61517920892219,15.59210924304908
1994-09-01 00:00:00-04:00,0.2607431438603753,0.27456340880563984,0.24600160172721902,0.2483048439025879,-4.770326756682794,11.610415085870791,-21.997257456868425
1994-08-01 00:00:00-04:00,0.2478443371971786,0.2754848845402215,0.2367879706429498,0.2667325735092163,7.62100781710042,16.342432342402404,7.421413661127674
1994-07-01 00:00:00-04:00,0.19373475612141675,0.24974310156288235,0.1863898416693206,0.24744783341884613,27.72505995969382,33.989652722576224,-7.22999063693428
1994-06-01 00:00:00-04:00,0.20934354448123121,0.21026166641283414,0.18088030578628383,0.19465287029743195,-7.017495676880721,16.24353768025214,-21.335795263177772
1994-05-01 00:00:00-04:00,0.22036171527932386,0.2479068408118505,0.20934351795891096,0.21485303342342377,-2.499836166603373,18.421073281336838,10.377531600292222
1994-04-01 00:00:00-05:00,0.2359569313096765,0.25059066746572867,0.19754529098551157,0.21949502825737,-6.976655850258295,26.852260671760362,2.1605442380689954
1994-03-01 00:00:00-05:00,0.26888161191814824,0.2816854981999648,0.2304699530726985,0.24327383935451508,-9.523809523809526,22.222222222222214,10.833416722889556
1994-02-01 00:00:00-05:00,0.2414449013747623,0.2798565696935927,0.2359570282679546,0.26705268025398254,10.606054935686032,18.604888249306754,9.774516225238393
1994-01-01 00:00:00-05:00,0.21506422716769197,0.25698324336744033,0.209596005691869,0.23875783383846283,11.016991055558604,22.60884577411088,-10.595230270151069
1993-12-01 00:00:00-05:00,0.23328970366890756,0.23693545337372873,0.1931931122748979,0.2132418155670166,-8.59355890405844,22.641770497795527,-10.68698683566952
1993-11-01 00:00:00-05:00,0.2241774041774786,0.2551608615451389,0.21688673231336805,0.229644775390625,2.438859185298593,17.647058823529417,7.6921872851215545
1993-10-01 00:00:00-04:00,0.165260697410552,0.23427029872687496,0.1598128906671427,0.22337470948696136,35.16505314753607,46.59036436229147,-2.7303324854651145
1993-09-01 00:00:00-04:00,0.1925013608202895,0.19613323207972708,0.16707663746154675,0.1698005348443985,-11.79255350671701,17.39117752167343,-23.983992980051326
1993-08-01 00:00:00-04:00,0.20521368427517692,0.2233746870520609,0.18796150390098446,0.19250133633613586,-6.194688226538879,18.84065748363645,13.369098932780087
1993-07-01 00:00:00-04:00,0.28206243994609914,0.28748718420204783,0.18442593917220806,0.20069855451583862,-28.84605459904863,55.88218527850691,4.258265597382249
1993-06-01 00:00:00-04:00,0.408628961177752,0.421285618322234,0.27844645717860417,0.2856791913509369,-30.088364141505973,51.298609646883875,42.342425953243136
1993-05-01 00:00:00-04:00,0.3706589991342517,0.4276143644090111,0.3688510087883808,0.40953296422958374,10.487797459694749,15.931461273119188,43.354145709024074
1993-04-01 00:00:00-05:00,0.36988580226898193,0.3789076434048174,0.3374084654200106,0.36988580226898193,0.0,12.299388497306406,-9.681067319009673
1993-03-01 00:00:00-05:00,0.38251627999323135,0.4167986506703726,0.3626691863568287,0.37169021368026733,-2.830223673919337,14.925300066790378,0.487829324677147
1993-02-01 00:00:00-05:00,0.42762434286945256,0.4438630315568682,0.37168990944073677,0.38251596689224243,-10.548598724413836,19.417562942380304,2.9125741850409836
1993-01-01 00:00:00-05:00,0.4284942150115967,0.4699030657089304,0.4122909063737686,0.4284942150115967,0.0,13.973667244295868,12.019955269555238
1992-12-01 00:00:00-05:00,0.4122910833102569,0.4410971753400959,0.3924863391635731,0.4302946925163269,4.366722913704629,12.385357482789654,0.42018712077163123
1992-11-01 00:00:00-05:00,0.3780830663287785,0.42849414183928236,0.37088112697886444,0.4140910804271698,9.523836771647144,15.534091834147478,-3.7657011278479313
1992-10-01 00:00:00-04:00,0.3215870204679504,0.3880600119488709,0.29823143762897075,0.37728044390678406,17.31830574436511,30.12042426984366,-8.889502397011906
1992-09-01 00:00:00-04:00,0.33236586081134256,0.35931518576792415,0.3144004757178485,0.32428181171417236,-2.4322742045275416,14.285827636718754,-14.047542895095367
1992-08-01 00:00:00-04:00,0.3359595070837049,0.33955242484820886,0.29823145987834837,0.330569326877594,-1.6044136547586834,13.855334037098476,1.938904661407137
1992-07-01 00:00:00-04:00,0.3440171318739998,0.3547678047997065,0.3117659743085651,0.33505892753601074,-2.603999483743762,13.792983851592808,1.3581419367681313
1992-06-01 00:00:00-04:00,0.4103127605137114,0.42643832669492543,0.3063902070365969,0.3440171182155609,-16.157343538414057,39.18144800365284,2.6736164726091083
1992-05-01 00:00:00-04:00,0.42915858982465194,0.4524048438463488,0.4166414569267842,0.4273705780506134,-0.4166319436292979,8.583732205470193,24.229451216675592
1992-04-01 00:00:00-05:00,0.40948908216577407,0.43809940303755734,0.37908986717635196,0.43005239963531494,5.021701033097678,15.566107398421773,0.6275166617538908
1992-03-01 00:00:00-05:00,0.4845919926587518,0.4899561221610827,0.4130652841423184,0.41664135456085205,-14.022237083424196,18.61469384395716,-3.118467676458836
1992-02-01 00:00:00-05:00,0.46313375316082755,0.5006851385522461,0.4416755662635796,0.4828038811683655,4.247180835620782,13.36038866443682,15.879971079023104
1992-01-01 00:00:00-05:00,0.39801557812602734,0.4926106988620902,0.39623085759893834,0.4622690677642822,16.143461002400695,24.32416340493772,-4.253241161688647
1991-12-01 00:00:00-05:00,0.36231909937419315,0.4140788685849638,0.34625591911431364,0.4024774432182312,11.083694984172949,19.58752059578769,-12.934377122663044
1991-11-01 00:00:00-05:00,0.36588840977548964,0.39444615388668447,0.33911617254808996,0.3623189926147461,-0.9755480264963176,16.31593707927574,-9.977813981915606
1991-10-01 00:00:00-04:00,0.3507666000667148,0.4006217929777962,0.3311811196144462,0.3667912483215332,4.5684646861390386,20.967582162954017,1.2343420571226948
1991-09-01 00:00:00-04:00,0.3756939725359334,0.38103607363689684,0.3311809326445834,0.3525468409061432,-6.161166620147544,15.053747386422433,-3.8835188899881357
1991-08-01 00:00:00-04:00,0.32761931000750155,0.3952803217538814,0.32583887092594327,0.37747445702552795,15.217401873193879,21.311592024182037,7.070724575297249
1991-07-01 00:00:00-04:00,0.30023346190395384,0.34287066213067935,0.29668065244569897,0.32865771651268005,9.467383957961115,15.568932218603123,-12.93246194656994
1991-06-01 00:00:00-04:00,0.3339877599322717,0.3517527072428171,0.28602132534057206,0.2949042022228241,-11.702092830399902,22.98128708549168,-10.27011160669149
1991-05-01 00:00:00-04:00,0.34109329309699093,0.38195404880729594,0.3126690496657959,0.33398765325546265,-2.083195414665564,22.159212501383507,13.25293120208162
1991-04-01 00:00:00-05:00,0.48198288632635766,0.5191947925159575,0.3862949011056127,0.38983866572380066,-19.117737002007328,34.40373948244531,16.722478188622848
1991-03-01 00:00:00-05:00,0.4040154083214597,0.49793073617860595,0.4040154083214597,0.4819829761981964,19.298166919094548,23.245481712524533,23.63652417681925
1991-02-01 00:00:00-05:00,0.3933832659670125,0.4412272742049178,0.3880668260514663,0.40578725934028625,3.153157352228067,13.698787060556741,-15.808798364400667
1991-01-01 00:00:00-05:00,0.3023747104454282,0.3960936474303995,0.2970702355727996,0.3925573229789734,29.824786735867292,33.333333333333336,-3.2603133924957617
1990-12-01 00:00:00-05:00,0.2634726858343741,0.32005782302505786,0.2617045124399754,0.3041435778141022,15.436473747147689,22.297403296959352,-22.52250562896949
1990-11-01 00:00:00-05:00,0.21572922157247376,0.27231437819344656,0.21042474678584508,0.25993645191192627,20.49199919103272,29.411764705882348,-14.534952938968871
1990-10-01 00:00:00-04:00,0.20796142485291227,0.22558491428250807,0.1709513511382322,0.21677356958389282,4.237393899956799,31.958544217704876,-16.60516715164606
1990-09-01 00:00:00-04:00,0.2573080816823274,0.26435714079066375,0.19210011417475095,0.20443680882453918,-20.547847744270655,37.61425490366004,-5.6910816125022246
1990-08-01 00:00:00-04:00,0.29608029713464423,0.30841697618192104,0.23615916024460343,0.2608325183391571,-11.9048039118449,30.597083705106375,27.585888196396358
1990-07-01 00:00:00-04:00,0.3127585970977975,0.33560066656571763,0.2811317605287016,0.29518821835517883,-5.617872348085942,19.374867476581375,13.17155553869609
1990-06-01 00:00:00-04:00,0.2907957549609666,0.3153947683875779,0.263560509601904,0.3145163059234619,8.157117343641868,19.666929186002537,6.547716462391784
1990-05-01 00:00:00-04:00,0.2793747606868204,0.3004590582585382,0.27234612192890834,0.28991732001304626,3.7736262575430413,10.322502898340625,-7.821211634223458
1990-04-01 00:00:00-05:00,0.28035387128694544,0.31014110939662354,0.2672123394979415,0.2759736180305481,-1.5624015592472802,16.06541448622464,-4.809544314865599
1990-03-01 00:00:00-05:00,0.23479598612028768,0.30400856965595424,0.23304390000260394,0.28210577368736267,20.14931700869786,30.451202392578118,2.2220079225601097
1990-02-01 00:00:00-05:00,0.24180522589275666,0.24706150879457775,0.2260347629647536,0.23830023407936096,-1.4495103654005395,9.302438949668513,-15.528054968682847
1990-01-01 00:00:00-05:00,0.24626831013021322,0.2707204950058169,0.22443585229500548,0.23753516376018524,-3.5461916985625828,20.622659988375407,-0.32105311273883386
1989-12-01 00:00:00-05:00,0.3108915766989357,0.3196247190888558,0.22705624539596692,0.24626819789409637,-20.786468225036522,40.76896168676501,3.676522665388604
1989-11-01 00:00:00-05:00,0.3231178885560555,0.3301045752326679,0.2969192360037638,0.30914533138275146,-4.324290814025925,11.176554161847378,25.53197450029434
1989-10-01 00:00:00-04:00,0.31012746993011736,0.351071829158001,0.2961892640986669,0.32406648993492126,4.494609912480457,18.52955920814589,4.826583822382213
1989-09-01 00:00:00-04:00,0.3101276159286499,0.325808811457416,0.29967455563305034,0.3101276159286499,0.0,8.7208791447636,-4.30123892447829
1989-08-01 00:00:00-04:00,0.27702463773248,0.3188392981739818,0.2735394856349479,0.3101276159286499,11.949470800549209,16.560611874326906,0.0
1989-07-01 00:00:00-04:00,0.29027397185496157,0.2920120159508439,0.26246352579359666,0.27636873722076416,-4.790382873578931,11.258131989160434,-10.885479710279188
1989-06-01 00:00:00-04:00,0.3319897222675769,0.3493718389978209,0.27463076999416647,0.2867979407310486,-13.612403790050061,27.215111039903526,3.773655303839063
1989-05-01 00:00:00-04:00,0.2676777427424562,0.34068076349039883,0.2676777427424562,0.33198970556259155,24.025891043923117,27.27272727272728,15.75735331862882
1989-04-01 00:00:00-05:00,0.24627995488782226,0.28877235083304503,0.23500651690503283,0.2705610990524292,9.859163802294315,22.878443813428042,-18.50316605632849
1989-03-01 00:00:00-05:00,0.25148341886858266,0.25321768650476045,0.23240503918027225,0.24714700877666473,-1.7243324078491242,8.955333928170216,-8.65390122887817
1989-02-01 00:00:00-05:00,0.26189001323662736,0.2792333559018517,0.24454586010020363,0.251483678817749,-3.97355145019441,14.18445431357323,1.7546925057074558
1989-01-01 00:00:00-05:00,0.27846531096967053,0.3044091619803484,0.25079196072261517,0.2611696720123291,-6.211056916610059,21.379154699873236,3.8515394876180276
1988-12-01 00:00:00-05:00,0.2611697183753835,0.29057254998580273,0.25943943368251304,0.2784653604030609,6.622376489612057,12.000148112175033,6.622395417303784
1988-11-01 00:00:00-05:00,0.2663581900850135,0.27500640429908074,0.24560278541253655,0.2603049874305725,-2.2725798866965503,11.972021749327975,-6.521591391547743
1988-10-01 00:00:00-04:00,0.2967083745008407,0.29843329946051406,0.2587566627367224,0.2665196657180786,-10.17453883246445,15.333571048627082,2.3874603206224254
1988-09-01 00:00:00-04:00,0.2742826222956516,0.3053330193451605,0.260482371615444,0.2984332740306854,8.80502436971805,17.218304429418545,11.974203939744044
1988-08-01 00:00:00-04:00,0.30705802992679565,0.3156834855463793,0.27083204220542556,0.27514517307281494,-10.393102848210454,16.560611874326902,-7.803453228702628
1988-07-01 00:00:00-04:00,0.3202553072282134,0.3271420477368049,0.2909842290304952,0.30561938881874084,-4.570078334109544,12.426040691889298,11.075686120745122
1988-06-01 00:00:00-04:00,0.28581903533027164,0.32197683726548204,0.2840973567488217,0.31853267550468445,11.44557784145178,13.333274533120926,4.225283852524919
1988-05-01 00:00:00-04:00,0.2806533300312721,0.29701092810446944,0.25740896834151655,0.2858191728591919,1.840649041058665,15.384840714023262,-10.270061805640863
1988-04-01 00:00:00-05:00,0.27322596239335734,0.29126878179004334,0.26463373830444964,0.28181740641593933,3.144446430831154,10.06487066095527,-1.4001042698503774
1988-03-01 00:00:00-05:00,0.29728368315727927,0.3282144713824046,0.2663521148655444,0.27494436502456665,-7.514478391635743,23.225780109945283,-2.4388278491317306
1988-02-01 00:00:00-05:00,0.28697296696455965,0.3007200478827124,0.2594787821851353,0.2955651879310608,2.9940872331581865,15.89388748870876,7.4999983740898335
1988-01-01 00:00:00-05:00,0.29326774207761264,0.3172779944276855,0.26239787885787613,0.2846932113170624,-2.9237892649922026,20.914847257410322,-3.6783684472794675
1987-12-01 00:00:00-05:00,0.22981223352694258,0.3001280749837557,0.2040870909889539,0.2881229519844055,25.373200356902124,47.05882352941176,1.204714594870837
1987-11-01 00:00:00-05:00,0.26582759538533324,0.27440292507578884,0.20923179788517668,0.22638243436813354,-14.838625372968348,31.147812067445464,-21.428531531779406
1987-10-01 00:00:00-04:00,0.38846152348026014,0.4089971938954199,0.18909724397860836,0.2643935978412628,-31.938279118987673,116.28934684087078,16.790685893640102
1987-09-01 00:00:00-04:00,0.37477136298245495,0.4021524933065559,0.33198965633449196,0.38675034046173096,3.196342800566864,21.134043074333697,46.27825470037627
1987-08-01 00:00:00-04:00,0.2806504588313124,0.37134892212651294,0.27380577763613295,0.36963775753974915,31.70751941008705,35.62494017931477,-4.424710499686069
1987-07-01 00:00:00-04:00,0.27857932693459986,0.30592511580593157,0.24952535754452598,0.28199803829193115,1.2271949232377468,22.60281632953535,-23.70962312701338
1987-06-01 00:00:00-04:00,0.2717434483745408,0.29567052522703124,0.25977990994829553,0.27687034010887146,1.8866661790735575,13.81577785821817,-1.8183453381868442
1987-05-01 00:00:00-04:00,0.2717433583479375,0.28114344779283595,0.24781628942231135,0.27003440260887146,-0.6288859273159908,13.448332411163971,-2.469003179362572
1987-04-01 00:00:00-05:00,0.21501634391591884,0.27303674762427627,0.21288337871481897,0.27047717571258545,25.79377492268882,28.256489197326886,0.16396914594445366
1987-03-01 00:00:00-05:00,0.23976028081390474,0.24061344881443514,0.21245683145697453,0.22013548016548157,-8.185175868915252,13.252865141765385,-18.61217879640905
1987-02-01 00:00:00-05:00,0.18941939147818163,0.24359972043746866,0.17619425593393814,0.23890720307826996,26.126053522766497,38.2563348312577,8.527350020395264
1987-01-01 00:00:00-05:00,0.13779853544821455,0.19539158523030012,0.13694459287156358,0.18941928446292877,37.46102877422351,42.67929907502979,-20.71428486780623
1986-12-01 00:00:00-05:00,0.13651799009622423,0.14974388071210717,0.1335318455708784,0.13822512328624725,1.2504822176328245,12.140950401695342,-27.026900308400602
1986-11-01 00:00:00-05:00,0.11860038413666929,0.1407847264257702,0.11561422731678322,0.13651803135871887,15.107579416776728,21.771108706214633,-1.2350084318559107
1986-10-01 00:00:00-04:00,0.11390783227282657,0.12030671720551542,0.1100677334939563,0.1181737631559372,3.7450724835962768,9.302438949668511,-13.437249292424768
1986-09-01 00:00:00-04:00,0.12670637588474232,0.12670637588474232,0.10793477867097939,0.11433442682027817,-9.764267171304953,17.391611346130528,-3.2488906446964894
1986-08-01 00:00:00-04:00,0.10622840087496954,0.12969251120477016,0.10452203093657068,0.1262797713279724,18.87571523984745,24.08150706856644,10.447723262277853
1986-07-01 00:00:00-04:00,0.12243970475271139,0.1288393654952579,0.10238909233876657,0.10665502399206161,-12.891799104326267,25.833096624176953,-15.540689636617744
1986-06-01 00:00:00-04:00,0.12627984273145518,0.13353192191824906,0.11092097807656201,0.12243974208831787,-3.0409450630245134,20.38473175568294,14.799788613268806
1986-05-01 00:00:00-04:00,0.10324225633076557,0.12798614126637128,0.1015358863923667,0.1262797713279724,22.314036728720545,26.050154101961994,3.1362604773249814
1986-04-01 00:00:00-05:00,0.09641603616770396,0.11177413433056707,0.08959055968583324,0.10324229300022125,7.080001526555034,24.761062686208078,-18.243205610436586
1986-03-01 00:00:00-05:00,0.08532386797059067,0.10110856123066098,0.08276431221663103,0.09641603380441666,13.00007383355993,22.164443251838897,-6.611882589424822
1986-02-01 00:00:00-05:00,0.07892498347928519,0.09129693035874537,0.07807179820585221,0.08532387018203735,8.10755532743524,16.939704806109884,-11.504480307580533
1986-01-01 00:00:00-05:00,0.07508486970990999,0.08447066923928266,0.074231684594743,0.07892496883869171,5.114344798916112,13.793280727007476,-7.499544183466678
1985-12-01 00:00:00-05:00,0.06868596633966213,0.0780717634292552,0.06569981636481421,0.07508485019207001,9.316144466490375,18.83102229044712,-4.865530773246429
1985-11-01 00:00:00-05:00,0.0635660994147052,0.0708189384188353,0.0635660994147052,0.06868597865104675,8.054417816231672,11.409916718049,-8.52218726501377
1985-10-01 00:00:00-04:00,0.05375447775044911,0.0656998324436018,0.05119415918136176,0.06356610357761383,18.252667010764046,28.334625461572394,-7.454032357089957
1985-09-01 00:00:00-04:00,0.051194181366158435,0.058873613876224126,0.050340995894246114,0.053754501044750214,5.001192733759114,16.9496408054837,-15.435274431889178
1985-08-01 00:00:00-04:00,0.05418110285976562,0.055034288429798,0.04948781611364883,0.05119418725371361,-5.512836484305065,11.207753244579823,-4.762975641621459
1985-07-01 00:00:00-04:00,0.061859771322977965,0.06228636698377429,0.05418110638856888,0.05418110638856888,-12.41301862290724,14.95957010747838,5.834488825952788
1985-06-01 00:00:00-04:00,0.05802038941809164,0.06313949880983122,0.050340962068140316,0.061433129012584686,5.881966027323662,25.423703115500874,13.384781351651842
1985-05-01 00:00:00-04:00,0.07252528652034802,0.07593802567079001,0.057593792322915144,0.05930016189813614,-18.235191140542938,31.851059997964665,-3.472014446816807
1985-04-01 00:00:00-05:00,0.07551142903801991,0.07849834184987178,0.06697958701506411,0.07252528518438339,-3.954558788886116,17.197410954798865,22.302001989412656
1985-03-01 00:00:00-05:00,0.08447068989860299,0.088736616517772,0.07081896145453978,0.07551147788763046,-10.606296718692592,25.300646458553256,4.117450480415452
1985-02-01 00:00:00-05:00,0.09897560296126728,0.10494866914425673,0.08447068929672241,0.08447068929672241,-14.655039454744385,24.242704798584956,11.864701446347347
1985-01-01 00:00:00-05:00,0.09940218681839903,0.10622843182313015,0.09513626072958425,0.09897559136152267,-0.4291610381326103,11.6592464413483,17.171520897442317
